<?xml version="1.0" encoding="UTF-8"?>
<project-private xmlns="http://www.netbeans.org/ns/project-private/1">
    <editor-bookmarks xmlns="http://www.netbeans.org/ns/editor-bookmarks/2" lastBookmarkId="0"/>
    <open-files xmlns="http://www.netbeans.org/ns/projectui-open-files/2">
        <group>
            <file>file:/Applications/XAMPP/xamppfiles/htdocs/Pokemon/pokemon_tournament.sql</file>
            <file>file:/Applications/XAMPP/xamppfiles/htdocs/Pokemon/includes/login.php</file>
            <file>file:/Applications/XAMPP/xamppfiles/htdocs/Pokemon/oversikt.php</file>
            <file>file:/Applications/XAMPP/xamppfiles/htdocs/Pokemon/registrering.php</file>
            <file>file:/Applications/XAMPP/xamppfiles/htdocs/Pokemon/trenerne.php</file>
            <file>file:/Applications/XAMPP/xamppfiles/htdocs/Pokemon/index.php</file>
            <file>file:/Applications/XAMPP/xamppfiles/htdocs/Pokemon/classes/pokemon.php</file>
            <file>file:/Applications/XAMPP/xamppfiles/htdocs/Pokemon/arenaene.php</file>
            <file>file:/Applications/XAMPP/xamppfiles/htdocs/Pokemon/kampene.php</file>
        </group>
    </open-files>
</project-private>
